IZ22CD,IZ22NM
S02002515,Culter
S02002516,"Cults, Bieldside and Milltimber West"
S02002517,"Cults, Bieldside and Milltimber East"
S02002518,"Cults, Bieldside and Milltimber Central"
S02002519,Garthdee
S02002520,"Braeside, Mannofield, Broomhill and Seafield East"
S02002521,"Braeside, Mannofield, Broomhill and Seafield South"
S02002522,"Braeside, Mannofield, Broomhill and Seafield North"
S02002523,Hazlehead
S02002524,Summerhill
S02002525,Midstocket
S02002526,Rosemount
S02002527,West End North
S02002528,West End South
S02002529,City Centre West
S02002530,City Centre East
S02002531,Ferryhill North
S02002532,Ferryhill South
S02002533,"Kincorth, Leggart and Nigg North"
S02002534,"Kincorth, Leggart and Nigg South"
S02002535,Cove South
S02002536,Cove North
S02002537,Torry West
S02002538,Torry East
S02002539,Hanover South
S02002540,Hanover North
S02002541,George Street
S02002542,Ashgrove
S02002543,"Froghall, Powis and Sunnybank"
S02002544,Seaton
S02002545,Old Aberdeen
S02002546,Tillydrone
S02002547,Woodside
S02002548,Hilton
S02002549,Stockethill
S02002550,Mastrick
S02002551,Sheddocksley
S02002552,Cummings Park
S02002553,Northfield
S02002554,Heathryfold and Middlefield
S02002555,Kingswells
S02002556,Kingswells North and Newhills
S02002557,Bucksburn South
S02002558,Bucksburn North
S02002559,Dyce
S02002560,Danestone
S02002561,Oldmachar West
S02002562,Oldmachar East
S02002563,Balgownie and Donmouth West
S02002564,Balgownie and Donmouth East
S02002565,Denmore
S02002566,East Cairngorms
S02002567,Aboyne and South Deeside
S02002568,Mearns and Laurencekirk
S02002569,Mearns South and Benholm
S02002570,Mearns North and Inverbervie
S02002571,"Fetteresso, Netherley and Catter"
S02002572,Stonehaven South
S02002573,Stonehaven North
S02002574,Newtonhill
S02002575,Portlethen
S02002576,Banchory-Devenick and Findon
S02002577,"Dunecht, Durris and Drumoak"
S02002578,Banchory East
S02002579,Banchory West
S02002580,Crathes and Torphins
S02002581,Cromar and Kildrummy
S02002582,Howe of Alford
S02002583,Kemnay
S02002584,Inverurie North
S02002585,Inverurie South
S02002586,Inverurie - Harlaw
S02002587,Durno and Chapel of Garioch
S02002588,Kintore
S02002589,Blackburn
S02002590,Westhill North and South
S02002591,Westhill Central
S02002592,Garlogie and Elrick
S02002593,Newmachar and Fintray
S02002594,Balmedie and Potterton
S02002595,Ellon East
S02002596,Ellon West
S02002597,Ythanside
S02002598,Ythsie
S02002599,Barrahill
S02002600,Fyvie-Rothie
S02002601,"Insch, Oyne and Ythanwells"
S02002602,Clashindarroch
S02002603,Huntly
S02002604,Auchterless and Monquhitter
S02002605,Turriff
S02002606,"Portsoy, Fordyce and Cornhill"
S02002607,Aberchirder and Whitehills
S02002608,Banff
S02002609,Macduff
S02002610,Gardenstown and King Edward
S02002611,New Pitsligo
S02002612,Deer and Mormond
S02002613,Mintlaw
S02002614,Auchnagatt
S02002615,Cruden
S02002616,Peterhead Links
S02002617,Peterhead Bay
S02002618,Peterhead Harbour
S02002619,Peterhead Ugieside
S02002620,Longside and Rattray South
S02002621,Longside and Rattray North
S02002622,"Rosehearty, Sandhaven and Tyrie"
S02002623,Cairnbulg/Inverallochy and Memsie
S02002624,Fraserburgh Smiddyhill
S02002625,Fraserburgh Lochpots
S02002626,Fraserburgh Central-Academy
S02002627,Fraserburgh Harbour and Broadsea
S02002628,South Angus
S02002629,Monikie and Wellbank
S02002630,Barry and Panbride
S02002631,Monifieth West
S02002632,Monifieth East
S02002633,Carnoustie West
S02002634,Carnoustie East
S02002635,Arbroath Landward
S02002636,Arbroath Kirkton
S02002637,Arbroath Keptie
S02002638,Arbroath Harbour
S02002639,Arbroath Cliffburn
S02002640,Arbroath Warddykes
S02002641,Lunan
S02002642,Montrose South
S02002643,Montrose North
S02002644,Hillside
S02002645,Friockheim
S02002646,Brechin East
S02002647,Brechin West
S02002648,Letham and Glamis
S02002649,Forfar East
S02002650,Forfar Central
S02002651,Forfar West
S02002652,Kirriemuir Landward
S02002653,Kirriemuir
S02002654,Angus Glens
S02002655,"Mull, Iona, Coll and Tiree"
S02002656,Oban South
S02002657,Oban North
S02002658,Benderloch Trail
S02002659,Glen Lonan
S02002660,Loch Awe
S02002661,Mid Argyll
S02002662,Greater Lochgilphead
S02002663,Knapdale
S02002664,Whisky Isles
S02002665,Kintyre Trail
S02002666,Campbeltown
S02002667,Bute
S02002668,Rothesay Town
S02002669,Cowal South
S02002670,Hunter's Quay
S02002671,Dunoon
S02002672,Garelochhead
S02002673,Helensburgh West and Rhu
S02002674,Helensburgh North
S02002675,Helensburgh Centre
S02002676,Helensburgh East
S02002677,Lomond Shore
S02002678,Balerno
S02002679,Currie West
S02002680,Currie East
S02002681,Baberton and Juniper Green
S02002682,Bonaly and The Pentlands
S02002683,Colinton and Kingsknowe
S02002684,Clovenstone and Wester Hailes South
S02002685,The Calders
S02002686,Murrayburn and Wester Hailes North
S02002687,Parkhead and Sighthill
S02002688,Broomhouse and Bankhead
S02002689,Stenhouse and Saughton Mains
S02002690,Longstone
S02002691,Slateford and Chesser
S02002692,Gorgie West
S02002693,Gorgie East
S02002694,Shandon
S02002695,Craiglockhart
S02002696,Morningside West and Craighouse
S02002697,Greenbank and The Braids
S02002698,Colinton Mains and Firrhill
S02002699,Oxgangs
S02002700,Comiston and Swanston
S02002701,Fairmilehead
S02002702,Gilmerton South and the Murrays
S02002703,Burdiehouse South and Broomhills
S02002704,Mortonhall and Anwickhill
S02002705,"Gracemount, Southhouse and Burdiehouse"
S02002706,Hyvots and Gilmerton
S02002707,Fernieside and Moredun South
S02002708,Moredun and Craigour
S02002709,Liberton East
S02002710,Liberton West
S02002711,The Inch
S02002712,"Blackford, West Mains and Mayfield Road"
S02002713,Prestonfield
S02002714,Newington and Dalkeith Road
S02002715,The Grange
S02002716,Marchmont East and Sciennes
S02002717,Marchmont West
S02002718,Morningside East
S02002719,Merchiston and Greenhill
S02002720,Bruntsfield
S02002721,Polwarth
S02002722,Dalry
S02002723,Fountainbridge
S02002724,Tollcross
S02002725,Southside
S02002726,Meadows
S02002727,"Old Town, Princes Street and Leith Street"
S02002728,"Canongate, St. Leonards and Dumbiedykes"
S02002729,Abbeyhill
S02002730,Meadowbank and Abbeyhill North
S02002731,Willowbrae and Duddingston Village
S02002732,Greendykes
S02002733,Craigmillar
S02002734,Niddrie
S02002735,"Bingham, Magdalene and The Christians"
S02002736,"Jewel, Brunstane and Newcraighall"
S02002737,Joppa
S02002738,Portobello
S02002739,Duddingston and Durhams
S02002740,Mountcastle
S02002741,Northfield and Piershill
S02002742,Craigentinny
S02002743,Restalrig (Loganlea) and Craigentinny West
S02002744,Restalrig and Lochend
S02002745,Leith (Hermitage and Prospect Bank)
S02002746,Western Harbour and Leith Docks
S02002747,North Leith and Newhaven
S02002748,The Shore and Constitution Street
S02002749,Great Junction Street
S02002750,South Leith
S02002751,Easter Road and Hawkhill Avenue
S02002752,Leith (Albert Street)
S02002753,Hillside and Calton Hill
S02002754,Pilrig
S02002755,Bonnington
S02002756,Trinity East and The Dudleys
S02002757,Trinity West and Wardie
S02002758,"Inverleith, Goldenacre and Warriston"
S02002759,Broughton North and Powderhall
S02002760,Broughton South
S02002761,New Town East and Gayfield
S02002762,New Town West
S02002763,Canonmills and New Town North
S02002764,Stockbridge
S02002765,Comely Bank
S02002766,Wester Coates
S02002767,Dean Village
S02002768,Balgreen and Roseburn
S02002769,Murrayfield and Ravelston
S02002770,"Craigleith, Orchard Brae and Crewe Toll"
S02002771,Blackhall
S02002772,Drylaw
S02002773,West Pilton
S02002774,Boswall and Pilton
S02002775,Granton South and Wardieburn
S02002776,Granton and Royston Mains
S02002777,Granton West and Salvesen
S02002778,Muirhouse
S02002779,Silverknowes and Davidson's Mains
S02002780,Cramond
S02002781,"Barnton, Cammo and Cramond South"
S02002782,Clermiston and Drumbrae
S02002783,East Craigs North
S02002784,East Craigs South
S02002785,Corstorphine North
S02002786,Corstorphine
S02002787,Carrick Knowe
S02002788,Corstorphine South
S02002789,South Gyle and Edinburgh Park
S02002790,"Ratho, Ingliston and Gogar"
S02002791,Kirkliston
S02002792,Dalmeny and Newbridge
S02002793,Queensferry East
S02002794,Queensferry West
S02002795,Tullibody South
S02002796,Tullibody North and Glenochil
S02002797,Menstrie
S02002798,Alva
S02002799,"Fishcross, Devon Village and Coalsnaughton"
S02002800,Tillicoultry
S02002801,Dollar and Muckhart
S02002802,"Clackmannan, Kennet and Forestmill"
S02002803,Sauchie
S02002804,Alloa South and East
S02002805,Alloa North
S02002806,Alloa West
S02002807,Stranraer West
S02002808,Rhins North
S02002809,Stranraer East
S02002810,Stranraer South
S02002811,Rhins South
S02002812,Machars North
S02002813,Machars South
S02002814,Newton Stewart
S02002815,Gatehouse
S02002816,Kirkcudbright
S02002817,Castle Douglas
S02002818,Dalbeattie
S02002819,Dalbeattie Rural
S02002820,Glenkens
S02002821,Upper Nithsdale
S02002822,Thornhill
S02002823,Mid Nithsdale
S02002824,Shawhead
S02002825,Lochside and Lincluden
S02002826,Summerville
S02002827,Troqueer
S02002828,New Abbey
S02002829,Kingholm
S02002830,Calside
S02002831,Georgetown
S02002832,Dumfries Central
S02002833,Nunholm
S02002834,Locharbriggs
S02002835,Heathhall
S02002836,Collin
S02002837,Lochmaben
S02002838,Lockerbie
S02002839,Moffat
S02002840,Langholm and Eskdale
S02002841,Annandale East
S02002842,Annandale West
S02002843,Annan West
S02002844,Annan East
S02002845,Eastriggs
S02002846,Gretna
S02002847,Westend
S02002848,Perth Road
S02002849,Logie and Blackness
S02002850,City Centre
S02002851,Docks and Wellgate
S02002852,Hilltown
S02002853,Clepington
S02002854,Stobswell
S02002855,Baxter Park
S02002856,Craigie and Craigiebank
S02002857,Douglas West
S02002858,West Ferry
S02002859,Douglas East
S02002860,Broughty Ferry West
S02002861,Broughty Ferry East
S02002862,Barnhill
S02002863,Balgillo
S02002864,West Pitkerro and Balmossie
S02002865,Whitfield
S02002866,Fintry
S02002867,Claverhouse and North Ballumbie
S02002868,Linlathen and Midcraigie
S02002869,Caird Park
S02002870,Kirkton
S02002871,Downfield
S02002872,Fairmuir
S02002873,Law
S02002874,Balgay
S02002875,Menzieshill
S02002876,Charleston
S02002877,Lochee
S02002878,Ardler and St Marys
S02002879,Western Edge
S02002880,Doon Valley South
S02002881,Doon Valley North
S02002882,Mauchline Rural
S02002883,Drongan
S02002884,Mauchline
S02002885,Cumnock Rural
S02002886,New Cumnock
S02002887,Cumnock South and Craigens
S02002888,Cumnock North
S02002889,Auchinleck
S02002890,Northern and Irvine Valley Rural
S02002891,Stewarton East
S02002892,Stewarton West
S02002893,Darvel
S02002894,Newmilns
S02002895,Galston
S02002896,Earlston and Hurlford Rural
S02002897,Shortlees
S02002898,Bellfield and Kirkstyle
S02002899,Kilmarnock South Central and Caprington
S02002900,Piersland
S02002901,New Farm Loch South
S02002902,Dean and New Farm Loch North
S02002903,Southcraig and Beansburn
S02002904,Altonhill North and Onthank
S02002905,"Altonhill South, Longpark and Hillhead"
S02002906,Bonnyton and Town Centre
S02002907,"Grange, Howard and Gargieston"
S02002908,"Crosshouse, Gatehead and Kilmaurs Rural"
S02002909,Kilmaurs
S02002910,West Clober and Mains Estate
S02002911,East Clober and Mains Estate
S02002912,Barloch
S02002913,Keystone and Dougalston
S02002914,Kilmardinny East
S02002915,Kilmardinny West
S02002916,North Castlehill and Thorn
S02002917,South Castlehill and Thorn
S02002918,Westerton West
S02002919,Westerton East
S02002920,Kessington West
S02002921,Kessington East
S02002922,Torrance and Balmore
S02002923,Bishopbriggs North and Kenmure
S02002924,Bishopbriggs West and Cadder
S02002925,Auchinairn
S02002926,Woodhill East
S02002927,Woodhill West
S02002928,Lenzie North
S02002929,Lenzie South
S02002930,Kirkintilloch South
S02002931,Kirkintilloch West
S02002932,Hillhead
S02002933,Rosebank and Waterside
S02002934,Twechar and Harestanes East
S02002935,Harestanes
S02002936,Milton of Campsie
S02002937,Lennoxtown
S02002938,Wallyford
S02002939,Whitecraig
S02002940,Musselburgh South
S02002941,Musselburgh West
S02002942,Musselburgh North
S02002943,Musselburgh East
S02002944,Pinkie Braes
S02002945,Prestonpans West
S02002946,Prestonpans East
S02002947,Cockenzie
S02002948,Tranent East
S02002949,Tranent North Blindwells Levenhall
S02002950,Tranent South
S02002951,Ormiston
S02002952,Aberlady
S02002953,Macmerry Longniddry
S02002954,Haddington Rural
S02002955,Humbie Gifford Garvald
S02002956,Haddington North
S02002957,Haddington South
S02002958,Gullane and Drem
S02002959,North Berwick North
S02002960,North Berwick South
S02002961,East Linton and Rural
S02002962,Dunbar West
S02002963,Dunbar East
S02002964,Neilston East
S02002965,Neilston West and Uplawmoor
S02002966,Cross Stobbs
S02002967,"Dunterlie, East Arthurlie and Dovecothall"
S02002968,"West Arthurlie, Gateside and Springhill"
S02002969,Auchenback and Barrhead Dams
S02002970,"Crookfur East, Fruin and Greenlaw East"
S02002971,Crookfur West and Greenlaw West
S02002972,"Mearns Village, Westacres and Greenfarm"
S02002973,Whitecraigs and Broom North
S02002974,Kirkhill South and Broom South
S02002975,Mearnskirk and Maidenhill
S02002976,Eaglesham and Waterfoot
S02002977,Kirkhill North
S02002978,Busby
S02002979,Clarkston and Sheddens
S02002980,Williamwood
S02002981,Stamperland
S02002982,Netherlee
S02002983,Merrylee and Braidbar
S02002984,Lower Whitecraigs and Giffnock South
S02002985,Giffnock North and Thornliebank North
S02002986,Thornliebank South and Woodfarm
S02002987,Dunipace
S02002988,"Fankerton, Stoneywood and Denny Town"
S02002989,Denny - Nethermains
S02002990,Head of Muir and Dennyloanhead
S02002991,"Banknock, Haggs and Longcroft"
S02002992,Bonnybridge
S02002993,High Bonnybridge and Greenhill
S02002994,Larbert - Inches
S02002995,Larbert - North Broomage
S02002996,Larbert - South Broomage and Village
S02002997,Stenhousemuir West
S02002998,Stenhousemuir East
S02002999,Stenhousemuir - Antonshill
S02003000,Carron
S02003001,Carronshore
S02003002,Carse and Grangemouth Old Town
S02003003,Falkirk - Bainsford and Langlees
S02003004,Falkirk - Merchiston and New Carron Village
S02003005,Falkirk - Grahamston
S02003006,Falkirk - Westfield
S02003007,Falkirk - Middlefield
S02003008,Falkirk - Town Centre and Callendar Park
S02003009,Falkirk - Bantaskin
S02003010,Falkirk - Camelon East
S02003011,Falkirk - Camelon West
S02003012,Falkirk - Tamfourhill
S02003013,Falkirk - Lochgreen and Lionthorn
S02003014,Hallglen and Glen Village
S02003015,Shieldhill
S02003016,Braes Villages
S02003017,Reddingmuirhead and Overton
S02003018,Brightons and Wallacestone
S02003019,Maddiston and Rumford
S02003020,Polmont
S02003021,Redding
S02003022,Laurieston and Westquarter
S02003023,Grangemouth - Newlands
S02003024,Grangemouth - Town Centre
S02003025,Grangemouth - Kersiebank
S02003026,Grangemouth - Bowhouse
S02003027,Bo'ness - Kinneil
S02003028,Bo'ness - Newtown
S02003029,Bo'ness - town centre
S02003030,"Blackness, Bo'ness - Carriden and Grahamsdyke"
S02003031,Kincardine
S02003032,Comrie and Oakley
S02003033,Blairhall Saline and Carnock
S02003034,Valleyfield Culross and Torryburn
S02003035,Cairneyhill and Crombie
S02003036,Crossford Charlestown and Limekilns
S02003037,Dunfermline Milesmark and Wellwood
S02003038,Dunfermline Baldridgeburn
S02003039,Dunfermline Headwell
S02003040,Dunfermline Central
S02003041,Dunfermline Brucefield
S02003042,Dunfermline Garvock Hill
S02003043,Townhill and Kingseat
S02003044,Dunfermline Bellyeoman
S02003045,Dunfermline Duloch North
S02003046,Dunfermline Halbeath and Lynebank
S02003047,Dunfermline Touch and Woodmill
S02003048,Dunfermline Abbeyview North
S02003049,Dunfermline Abbeyview South
S02003050,Dunfermline Duloch South
S02003051,Dunfermline Masterton
S02003052,Dunfermline Pitcorthie East
S02003053,Dunfermline Pitcorthie West
S02003054,Rosyth North
S02003055,Rosyth East
S02003056,Rosyth Central
S02003057,Rosyth South
S02003058,North Queensferry and Inverkeithing West
S02003059,Inverkeithing East
S02003060,Dalgety Bay West and Hillend
S02003061,Dalgety Bay Central
S02003062,Dalgety Bay East
S02003063,Crossgates and South Knowe
S02003064,Hill of Beath
S02003065,Cowdenbeath South
S02003066,Cowdenbeath North
S02003067,Kelty West
S02003068,Kelty East and Landward
S02003069,Lochore and Crosshill
S02003070,Ballingry
S02003071,Cardenden
S02003072,Lochgelly East
S02003073,Lochgelly West and Lumphinnans
S02003074,Aberdour and Auchtertool
S02003075,Burntisland West
S02003076,Burntisland East
S02003077,Kinghorn
S02003078,Kirkcaldy Linktown and Seafield
S02003079,Kirkcaldy Central
S02003080,Kirkcaldy Bennochy East
S02003081,Kirkcaldy Bennochy West
S02003082,Kirkcaldy Raith
S02003083,Kirkcaldy Newliston and Redcraigs
S02003084,Kirkcaldy Templehall West
S02003085,Kirkcaldy Templehall East
S02003086,Kirkcaldy Dunnikier
S02003087,Kirkcaldy Chapel
S02003088,Kirkcaldy Hayfield and Smeaton
S02003089,Kirkcaldy Pathhead
S02003090,Kirkcaldy Gallatown and Sinclairtown
S02003091,Dysart
S02003092,Wemyss
S02003093,Thornton and Kinglassie
S02003094,Leslie and Newcastle
S02003095,Glenrothes Macedonia and Tanshall
S02003096,Glenrothes South Parks
S02003097,Glenrothes Caskieberran and Rimbleton
S02003098,Glenrothes Auchmuty
S02003099,Glenrothes Stenton and Finglassie
S02003100,Glenrothes Pitteuchar
S02003101,Glenrothes Woodside
S02003102,Glenrothes Balgeddie
S02003103,Glenrothes Collydean
S02003104,Glenrothes Cadham and Pitcoudie
S02003105,Glenrothes Balfarg Pitcairn and Coul
S02003106,Markinch and Star
S02003107,Windygates and Coaltown
S02003108,Buckhaven Denbeath and Muiredge
S02003109,Methil Methilhill
S02003110,Methil West
S02003111,Methil East
S02003112,Leven East
S02003113,Leven West
S02003114,Leven North
S02003115,Largo
S02003116,Kennoway and Bonnybank
S02003117,Kettle and Ladybank
S02003118,Falkland and Freuchie
S02003119,Auchtermuchty and Gateside
S02003120,Newburgh
S02003121,Cupar West and Springfield
S02003122,Cupar Central
S02003123,Cupar East
S02003124,Dairsie Ceres and Dunino
S02003125,Elie Colinsburgh and Largoward
S02003126,St Monans and Pittenweem
S02003127,Anstruther
S02003128,Crail and Boarhills
S02003129,St Andrews South East
S02003130,St Andrews Central
S02003131,St Andrews South West
S02003132,St Andrews North and Strathkinness
S02003133,Leuchars and Guardbridge
S02003134,Balmullo and Gauldry
S02003135,Tayport
S02003136,Newport and Wormit
S02003137,Darnley East
S02003138,Darnley North
S02003139,Darnley West
S02003140,Nitshill
S02003141,South Nitshill
S02003142,Crookston South
S02003143,Crookston North
S02003144,Pollok South and West
S02003145,Pollok North and East
S02003146,Cardonald South and East
S02003147,Cardonald North
S02003148,Cardonald West and Central
S02003149,Penilee
S02003150,Hillington
S02003151,Drumoyne and Shieldhall
S02003152,Govan and Linthouse
S02003153,Craigton
S02003154,Mosspark
S02003155,Ibrox
S02003156,Ibrox East and Cessnock
S02003157,Kinning Park and Festival Park
S02003158,Kingston West and Dumbreck
S02003159,Pollokshields West
S02003160,Pollokshields East
S02003161,Govanhill West
S02003162,Govanhill East and Aikenhead
S02003163,Battlefield
S02003164,Strathbungo
S02003165,Maxwell Park
S02003166,Shawlands West
S02003167,Shawlands East
S02003168,Langside
S02003169,Pollokshaws
S02003170,Carnwadric West
S02003171,Carnwadric East
S02003172,Newlands
S02003173,Merrylee and Millbrae
S02003174,Muirend and Old Cathcart
S02003175,Carmunnock North
S02003176,Glenwood South
S02003177,Glenwood North
S02003178,Castlemilk
S02003179,Kingspark South
S02003180,Kingspark North
S02003181,Cathcart
S02003182,Mount Florida
S02003183,Toryglen and Oatlands
S02003184,Polmadie and Toryglen
S02003185,Gorbals and Hutchesontown
S02003186,Laurieston and Tradeston
S02003187,Calton and Gallowgate
S02003188,Bridgeton
S02003189,Dalmarnock
S02003190,Parkhead West and Barrowfield
S02003191,Barrowfield Central
S02003192,Parkhead East and Braidfauld North
S02003193,Braidfauld
S02003194,Braidfauld West
S02003195,Shettleston South
S02003196,Carmyle and Mount Vernon South
S02003197,Mount Vernon North and Sandyhills
S02003198,Baillieston West
S02003199,Baillieston East
S02003200,Baillieston South
S02003201,Garrowhill West
S02003202,Garrowhill East and Swinton
S02003203,Easterhouse East
S02003204,Central Easterhouse
S02003205,"Garthamlock, Auchinlea and Gartloch"
S02003206,North Barlanark and Easterhouse South
S02003207,Barlanark
S02003208,Greenfield
S02003209,Shettleston North
S02003210,Tollcross
S02003211,Old Shettleston and Parkhead North
S02003212,Carntyne
S02003213,"Cranhill, Lightburn and Queenslie South"
S02003214,Craigend and Ruchazie
S02003215,Riddrie and Hogganfield
S02003216,Blackhill and Barmulloch East
S02003217,Robroyston and Millerston
S02003218,Robroyston South
S02003219,Balornock
S02003220,Barmulloch
S02003221,Petershill
S02003222,Springburn
S02003223,Springburn East and Cowlairs
S02003224,Cowlairs and Port Dundas
S02003225,"Roystonhill, Blochairn, and Provanmill"
S02003226,Dennistoun North
S02003227,Alexandra Parade
S02003228,Carntyne West and Haghill
S02003229,Dennistoun
S02003230,Gallowgate North and Bellgrove
S02003231,City Centre East
S02003232,City Centre West
S02003233,City Centre South
S02003234,Anderston
S02003235,Finnieston and Kelvinhaugh
S02003236,Yorkhill
S02003237,Woodlands
S02003238,Kelvinbridge South
S02003239,Woodside
S02003240,Firhill
S02003241,Keppochhill
S02003242,Ruchill
S02003243,Ruchill Park
S02003244,Possil Park
S02003245,Milton West
S02003246,Milton East
S02003247,Summerston Central and West
S02003248,Summerston North
S02003249,Maryhill East
S02003250,Maryhill West
S02003251,Wyndford
S02003252,Kelvindale
S02003253,North Kelvin
S02003254,Kelvingrove and University
S02003255,Hillhead
S02003256,Glasgow Harbour and Partick South
S02003257,Partick
S02003258,Partickhill and Hyndland
S02003259,Dowanhill
S02003260,Kelvinside and Jordanhill
S02003261,Broomhill
S02003262,Victoria Park
S02003263,Scotstoun North and East
S02003264,Scotstoun South and West
S02003265,Yoker South
S02003266,Yoker North
S02003267,Knightswood West
S02003268,Knightswood East
S02003269,Knightswood Park West
S02003270,Knightswood Park East
S02003271,Anniesland East
S02003272,Anniesland West
S02003273,Blairdardie East
S02003274,Blairdardie West
S02003275,Drumchapel South
S02003276,Drumchapel North
S02003277,Drumry East
S02003278,Drumry West
S02003279,Lochaber West
S02003280,Fort William North
S02003281,Fort William South
S02003282,Lochaber East and North
S02003283,Badenoch and Strathspey South
S02003284,Badenoch and Strathspey Central
S02003285,Badenoch and Strathspey North
S02003286,Nairn Rural
S02003287,Nairn East
S02003288,Nairn West
S02003289,Inverness East Rural
S02003290,Inverness Culloden and Balloch
S02003291,Inverness Smithton
S02003292,Inverness Westhill
S02003293,Inverness Inshes
S02003294,Inverness Slackbuie
S02003295,Inverness Lochardil and Holm Mains
S02003296,Inverness Drummond
S02003297,Inverness Hilton
S02003298,Inverness Drakies
S02003299,"Inverness Central, Raigmore and Longman"
S02003300,Inverness Crown and Haugh
S02003301,Inverness Ballifeary and Dalneigh
S02003302,Inverness Muirtown
S02003303,Inverness Merkinch
S02003304,Inverness Scorguie
S02003305,Inverness Kinmylies and South West
S02003306,Inverness West Rural
S02003307,Inverness West Strathglass
S02003308,Loch Ness
S02003309,Lochalsh
S02003310,Skye South
S02003311,Skye North East
S02003312,Skye North West
S02003313,Ross and Cromarty South West
S02003314,Ross and Cromarty North West
S02003315,Ross and Cromarty Central
S02003316,Ross and Cromarty East
S02003317,Muir of Ord
S02003318,Conon
S02003319,Dingwall
S02003320,Black Isle South
S02003321,Black Isle Fortrose and Avoch
S02003322,Black Isle North
S02003323,Alness
S02003324,Invergordon
S02003325,Seaboard
S02003326,Tain
S02003327,Sutherland South
S02003328,Sutherland East
S02003329,Caithness South
S02003330,Wick South
S02003331,Wick North
S02003332,Caithness North East
S02003333,Caithness North West
S02003334,Thurso East
S02003335,Thurso West
S02003336,Sutherland North and West
S02003337,Kilmacolm Central
S02003338,"Kilmacolm, Quarriers, Greenock Upper East/Central"
S02003339,Inverkip and Wemyss Bay
S02003340,West Braeside and West Gourock
S02003341,Gourock Upper and West Central
S02003342,Gourock Central and Upper East
S02003343,"Braeside, Branchton, Ravenscraig"
S02003344,Larkfield
S02003345,"Bow Farm, Fancy Farm and Mallard Bowl"
S02003346,"Gourock East, Greenock West and Lyle Road"
S02003347,Greenock West and Central
S02003348,"Gateside, Pennyfern, Cowdenknowes, Overton and upper Drumfrochar"
S02003349,Greenock Upper Central
S02003350,Greenock Town Centre and East Central
S02003351,Greenock Upper East
S02003352,Greenock Lower East
S02003353,"Port Glasgow Upper, West and Central"
S02003354,"Port Glasgow Mid, East and Central"
S02003355,Port Glasgow Upper East
S02003356,Rural South Midlothian
S02003357,Penicuik Southeast
S02003358,Penicuik Southwest
S02003359,Penicuik East
S02003360,Penicuik North
S02003361,Pentland
S02003362,Roslin and Bilston
S02003363,Straiton
S02003364,Loanhead
S02003365,Poltonhall
S02003366,Bonnyrigg North
S02003367,Hopefield
S02003368,Dalhousie
S02003369,Eskbank and Newbattle
S02003370,"Danderhall, Shawfair and Midlothian North"
S02003371,Woodburn
S02003372,Dalkeith
S02003373,Rural North East Midlothian
S02003374,Pathhead and Rural South East Midlothian
S02003375,Easthouses
S02003376,Mayfield
S02003377,Newtongrange
S02003378,North Gorebridge
S02003379,Gorebridge and Birkenside
S02003380,"Aberlour, South Speyside and the Cabrach"
S02003381,Rothes and North Speyside
S02003382,Rural Keith and Strathisla
S02003383,Keith and Fife Keith
S02003384,"Cullen, Portknockie, Findochty, Drybridge and Berryhillock"
S02003385,Buckie Central East
S02003386,"Buckie West, Buckpool and Mains of Buckie"
S02003387,"Mosstodloch, Portgordon, Urquhart and seaward"
S02003388,"Fochabers, Aultmore, Clochan and Ordiquish"
S02003389,"Heldon West, Miltonduff and Fogwatt to Inchberry"
S02003390,"Lhanbryde, Troves, Pitgavney and seaward"
S02003391,"Elgin Central East, Kingsmills, Ashgrove and Pinefield"
S02003392,New Elgin East and The Wards
S02003393,New Elgin West
S02003394,Elgin Central West
S02003395,"Elgin Bishopmill East, Ladyhill and High Street"
S02003396,Elgin Bishopmill West and Newfield
S02003397,Lossiemouth East and Seatown
S02003398,Lossiemouth West
S02003399,"Burghead, Roseisle and Laich"
S02003400,"Kinloss, Alves and Pluscarden Valley"
S02003401,Forres Central East
S02003402,"Forres South West, Pilmuir and Mannachie"
S02003403,"Findhorn, Rafford, Dallas, Dyke to Dava"
S02003404,Barra and South Uist
S02003405,Benbecula and North Uist
S02003406,South Lewis
S02003407,Northwest Lewis
S02003408,Broadbay
S02003409,Stornoway West
S02003410,Stornoway East
S02003411,Point to Sandwick
S02003412,Arran
S02003413,Springside and Rural
S02003414,Irvine Tarryholme
S02003415,Dreghorn
S02003416,Irvine Broomlands
S02003417,Irvine Bourtreehill
S02003418,Irvine Girdle Toll and Staneca
S02003419,Irvine Perceton and Lawthorn
S02003420,Irvine Castlepark North
S02003421,Irvine Castlepark South
S02003422,Irvine East
S02003423,Irvine Central
S02003424,Irvine Fullarton
S02003425,Stevenston Ardeer
S02003426,Saltcoats Central
S02003427,Ardrossan Central
S02003428,Ardrossan North West
S02003429,Ardrossan North East
S02003430,Saltcoats North West
S02003431,Saltcoats North East
S02003432,Stevenston North West
S02003433,Stevenston Hayocks
S02003434,Kilwinning Whitehirst Park and Woodside
S02003435,Kilwinning Pennyburn
S02003436,Kilwinning West and Blacklands
S02003437,Kilwinning Central and North
S02003438,Dalry East and Rural
S02003439,Dalry West
S02003440,Fairlie and Rural
S02003441,West Kilbride and Seamill
S02003442,Largs South
S02003443,Largs Central and Cumbrae
S02003444,Largs North
S02003445,Skelmorlie and Rural
S02003446,Kilbirnie North
S02003447,Kilbirnie South and Longbar
S02003448,Beith West
S02003449,Beith East and Rural
S02003450,Overtown
S02003451,Netherton and Kirkhill
S02003452,Muirhouse
S02003453,Muirhouse and Knowetop
S02003454,Flemington
S02003455,Craigneuk Wishaw
S02003456,Pather
S02003457,Wishaw South
S02003458,Wishaw North
S02003459,Coltness
S02003460,Wishaw East
S02003461,Newmains
S02003462,Allanton - Newmains Rural
S02003463,Shotts
S02003464,Stane
S02003465,Harthill and Salsburgh
S02003466,Salsburgh
S02003467,Cleland
S02003468,Dalziel and Hartwood
S02003469,Newarthill
S02003470,Carfin North
S02003471,Clydesdale and New Stevenston
S02003472,Carfin and Cleekhimin
S02003473,Motherwell South
S02003474,Ladywell
S02003475,Motherwell West
S02003476,Motherwell North
S02003477,Forgewood
S02003478,Holytown
S02003479,Milnwood
S02003480,Orbiston
S02003481,Bellshill South
S02003482,Hattonrigg
S02003483,Bellshill Central
S02003484,Fallside
S02003485,Viewpark
S02003486,Birkenshaw
S02003487,Kirkwood and Bargeddie
S02003488,Kirkshaws
S02003489,Dundyvan
S02003490,Drumpellier and Langloan
S02003491,Coatbridge West
S02003492,Townhead
S02003493,Sunnyside and Cliftonville
S02003494,Cliftonville
S02003495,Shawhead and Whifflet
S02003496,Greenend and Carnbroe
S02003497,Calderbank and Brownsburn
S02003498,Chapelhall West
S02003499,Chapelhall East
S02003500,Craigneuk Airdrie
S02003501,Petersburn
S02003502,Gartlea
S02003503,Cairnhill
S02003504,Coatdyke and Whinhall
S02003505,Thrashbush
S02003506,Airdrie North
S02003507,Drumgelloch
S02003508,Caldercruix and Plains
S02003509,Glenmavis and Greengairs
S02003510,Gartcosh
S02003511,Marnoch and Glenboig
S02003512,Cardowan and Millerston
S02003513,Stepps
S02003514,Chryston and Muirhead
S02003515,Moodiesburn West
S02003516,Moodiesburn East
S02003517,Westfield
S02003518,Broadwood
S02003519,Condorrat
S02003520,Greenfaulds
S02003521,Seafar
S02003522,Cumbernauld Central
S02003523,Kildrum
S02003524,Abronhill South
S02003525,Abronhill North
S02003526,Village and Castlecary
S02003527,Carrickstone
S02003528,Balloch West
S02003529,Balloch East
S02003530,Klisyth East
S02003531,"Croy, Dullatar and Banton"
S02003532,Kilsyth Bogside
S02003533,Balmalloch
S02003534,"Stromness, Sandwick and Stenness"
S02003535,West Mainland
S02003536,East Mainland
S02003537,West Kirkwall
S02003538,East Kirkwall
S02003539,Isles
S02003540,"Powmill, Cleish and Scotlandwell"
S02003541,Kinross
S02003542,Milnathort and Crook of Devon
S02003543,"Muthill, Greenloaning and Gleneagles"
S02003544,Auchterarder
S02003545,"Comrie, Gilmerton and St Fillans"
S02003546,Crieff North
S02003547,Crieff South
S02003548,Almondbank and Pitcairngreen
S02003549,"Glenfarg, Dunning and Rhynd"
S02003550,Bridge of Earn and Abernethy
S02003551,Upper Craigie and Friarton
S02003552,Viewlands and Craigie
S02003553,"Burghmuir, Oakbank and Cherrybank"
S02003554,Western Edge
S02003555,Letham
S02003556,Tulloch and Inveralmond
S02003557,North Muirton
S02003558,Muirton
S02003559,North Inch
S02003560,Central and South Inch
S02003561,Gannochy and Walnut Grove
S02003562,Scone
S02003563,"Guildtown, Balbeggie and St Madoes"
S02003564,Errol and Inchture
S02003565,"Invergowrie, Longforgan and Abernyte"
S02003566,Coupar Angus and Meigle
S02003567,Alyth
S02003568,"Blair Atholl, Strathardle and Glenshee"
S02003569,Blairgowrie South (Ardblair and Rosemout)
S02003570,Rattray
S02003571,Blairgowrie Central
S02003572,"Bankfoot, Stanley and Murthly"
S02003573,Luncarty and Bertha Park
S02003574,Amulree and Dunkeld
S02003575,Pitlochry
S02003576,Rannoch and Aberfeldy
S02003577,Lochwinnoch
S02003578,Renfrewshire Rural South and Howwood
S02003579,Dargavel
S02003580,Renfrewshire Rural North and Langbank
S02003581,Kilbarchan
S02003582,Johnstone South West
S02003583,Johnstone North West
S02003584,Johnstone North East
S02003585,Johnstone South East
S02003586,Elderslie and Phoenix
S02003587,Paisley Ferguslie
S02003588,Paisley North West
S02003589,Paisley West
S02003590,Paisley Foxbar
S02003591,Paisley South West
S02003592,Paisley Glenburn West
S02003593,Paisley Glenburn East
S02003594,Paisley South
S02003595,Paisley South East
S02003596,Paisley Dykebar
S02003597,Paisley East
S02003598,Paisley Central East
S02003599,Paisley Central West
S02003600,Paisley North East
S02003601,Paisley Ralston
S02003602,Paisley Gallowhill and Hillington
S02003603,Paisley North
S02003604,Renfrew West
S02003605,Renfrew South West
S02003606,Renfrew South East
S02003607,Renfrew East
S02003608,Renfrew North West
S02003609,Renfrew North East
S02003610,Erskine East and Inchinnan
S02003611,Erskine Central
S02003612,Erskine West
S02003613,Bishopton
S02003614,Linwood South
S02003615,Linwood North
S02003616,Houston South
S02003617,Houston North
S02003618,Bridge of Weir
S02003619,Tweeddale West
S02003620,Peebles North
S02003621,Peebles South
S02003622,Innerleithen
S02003623,Tweeddale East
S02003624,Gala Water Valley and Earlston Area
S02003625,Galashiels North
S02003626,Galashiels West
S02003627,Galashiels South
S02003628,Galashiels Langlee
S02003629,Tweedbank and Galashiels Melrose Gait
S02003630,Melrose Darnick Gattonside and Newstead
S02003631,Lauderdale
S02003632,Berwickshire West
S02003633,Duns
S02003634,Berwickshire East
S02003635,Eyemouth
S02003636,Chirnside and Area
S02003637,Coldstream and Area
S02003638,Cheviot East
S02003639,Kelso North
S02003640,Kelso South
S02003641,Cheviot West
S02003642,St Boswells Newtown and Area
S02003643,Jedburgh
S02003644,Denholm Upper Teviotdale and Liddesdale
S02003645,Hawick - Burnfoot
S02003646,Hawick - South East
S02003647,Hawick - South
S02003648,Hawick - North
S02003649,Ettrick Yarrow and Lilliesleaf Area
S02003650,Selkirk
S02003651,Shetland South
S02003652,Lerwick South
S02003653,Lerwick North
S02003654,Central Shetland
S02003655,East and West Mainland
S02003656,North Mainland
S02003657,North and East Isles
S02003658,Carrick South
S02003659,Girvan Glendoune
S02003660,Girvan Ailsa
S02003661,Maybole
S02003662,Carrick North
S02003663,Coylton
S02003664,Doonfoot and Seafield
S02003665,Alloway
S02003666,Castlehill and Kincaidston
S02003667,Belmont
S02003668,Holmston and Forehill
S02003669,Ayr South Harbour and Town Centre
S02003670,"Ayr North Harbour, Wallacetown and Newton South"
S02003671,Craigie
S02003672,Dalmilling
S02003673,"Lochside, Braehead and Whitletts"
S02003674,Newton North
S02003675,Heathfield
S02003676,Prestwick West
S02003677,Prestwick East
S02003678,Prestwick Airport and Monkton
S02003679,"Annbank, Mossblown and Tarbolton"
S02003680,"Dundonald, Loans and Symington"
S02003681,Muirhead
S02003682,Barassie Bank
S02003683,Barassie
S02003684,Troon
S02003685,Clydesdale South
S02003686,"Biggar, Symington, Thankerton and Dolphinton"
S02003687,"Carstairs, Carstairs Junction and Carnwath"
S02003688,"Forth, Braehead and Auchengray"
S02003689,Law
S02003690,Carluke West
S02003691,Carluke North
S02003692,Carluke East
S02003693,Carluke South
S02003694,"Crossford, Braidwood and Yieldshields"
S02003695,Lanark North West
S02003696,Lanark North East
S02003697,Lanark South
S02003698,Hazelbank and Kirkfieldbank
S02003699,"Douglas, Coalburn and Rigside"
S02003700,Lesmahagow
S02003701,Kirkmuirhill and Blackwood
S02003702,"Ashgill, Netherburn, Quarter and Glassford"
S02003703,Merryton and Meadowhill
S02003704,"Larkhall Central, Raploch, Millheugh and Burnhead"
S02003705,Hareleeshill
S02003706,Strutherhill and Birkenshaw
S02003707,Stonehouse
S02003708,Strathaven South
S02003709,Strathaven North
S02003710,"Strathaven West, Chapelton, Drumclog and Sandford"
S02003711,Eddlewood
S02003712,Low Waters
S02003713,Silvertonhill
S02003714,"Hamilton Centre, Low Parks and Ferniegar"
S02003715,Laighstonehall
S02003716,"Woodhead, Meikle Earnock and Fairhill"
S02003717,Torheads and Little Earnock
S02003718,Earnock
S02003719,Hillhouse
S02003720,High Blantyre
S02003721,Blantyre South and Wheatlands
S02003722,Low Blantyre and Bardykes
S02003723,Blantyre North and Coatshill
S02003724,Burnbank North
S02003725,Burnbank Central and Udston
S02003726,Burnbank South and Chantinghall
S02003727,Whitehill
S02003728,Bothwell South
S02003729,Bothwell North
S02003730,Uddingston and Kylepark
S02003731,Newton
S02003732,"Halfway, Hallside and Drumsagard"
S02003733,Westburn
S02003734,Vicarland and Cairns
S02003735,Whitlawburn and Greenlees
S02003736,Cambuslang Central
S02003737,"Burgh, Eastfield and Silverbank"
S02003738,Farme Cross and Gallowflat North
S02003739,Shawfield and Clincarthill
S02003740,Burnhill and Bankhead North
S02003741,Bankhead South
S02003742,Spittal
S02003743,High Crosshill
S02003744,Burnside and Springhall
S02003745,Fernhill and Cathkin
S02003746,"Lindsayfield West, Lindsayfield South and Auldhouse"
S02003747,Nerston
S02003748,Calderwood East
S02003749,Calderwood Central
S02003750,Calderwood West
S02003751,St Leonards North
S02003752,St Leonards South
S02003753,East Mains
S02003754,West Mains
S02003755,Stewartfield East
S02003756,Stewartfield West
S02003757,"Thorntonhall, Jackton and Gardenhall"
S02003758,Hairmyres and Westwood West
S02003759,Mossneuk and Newlandsmuir
S02003760,Crosshouse and Lindsayfield Central
S02003761,Whitehills West
S02003762,Greenhills
S02003763,Westwood South
S02003764,Westwood East
S02003765,The Murray
S02003766,"Birniehill, Kelvin and Whitehills East"
S02003767,Blane Valley
S02003768,Balfron and Drymen
S02003769,"Kippen, Fintry and Gargunnock"
S02003770,Cambusbarron
S02003771,Plean and Rural SE
S02003772,Cowie
S02003773,Fallin
S02003774,Bannockburn
S02003775,Hillpark
S02003776,Broomridge
S02003777,Borestone
S02003778,King's Park and Torbrex
S02003779,Braehead
S02003780,City Centre
S02003781,Raploch
S02003782,Cornton
S02003783,Causewayhead
S02003784,Bridge of Allan and University
S02003785,Riverside and Logie
S02003786,Dunblane East
S02003787,Dunblane West
S02003788,Carse of Stirling
S02003789,Callander and Trossachs
S02003790,Highland
S02003791,Whitecrook
S02003792,Singer and Clydebank South
S02003793,Drumry
S02003794,Kilbowie
S02003795,Clydebank North
S02003796,Faifley
S02003797,Duntocher
S02003798,Dalmuir
S02003799,Old Kilpatrick
S02003800,"Garshake, Milton and Bowling"
S02003801,Dumbarton North
S02003802,Dumbarton Central
S02003803,Dumbarton East
S02003804,Dalreoch
S02003805,Renton
S02003806,Bonhill
S02003807,Alexandria
S02003808,Balloch
S02003809,Kilmaronock
S02003810,Fauldhouse
S02003811,"Stoneyburn, Addiewell and Breich"
S02003812,West Calder and Polbeth
S02003813,"Livingston Bellsquarry, Adambrae and Dedridge West"
S02003814,Livingston Murieston
S02003815,Livingston Dedridge East
S02003816,Mid Calder and Kirknewton
S02003817,East Calder West
S02003818,East Calder East and Wilkieston
S02003819,Pumpherston and Uphall Station
S02003820,Livingston Craigshill
S02003821,Livingston Howden
S02003822,Livingston Village
S02003823,Livingston Eliburn South
S02003824,Livingston Ladywell
S02003825,Livingston Knightsridge and Eliburn North
S02003826,Livingston Deans
S02003827,Livingston Carmondean
S02003828,Blackburn East and Seafield
S02003829,Blackburn Central
S02003830,"Whitburn Whitdale, East Whitburn and Longridge"
S02003831,Whitburn Central
S02003832,Whitburn West and Greenrigg
S02003833,Armadale North
S02003834,Armadale South
S02003835,Bathgate South West
S02003836,Bathgate Wester Inch East
S02003837,Bathgate Boghall
S02003838,Bathgate Central
S02003839,Bathgate North West
S02003840,"Blackridge, Westfield and Torphichen"
S02003841,Linlithgow South and Bathgate Hills
S02003842,Linlithgow High Street and Linlithgow Bridge
S02003843,Linlithgow Springfield
S02003844,"Winchburgh, Bridgend and Philpstoun"
S02003845,Broxburn Kirkhill
S02003846,"Uphall, Dechmont and Ecclesmachan"
S02003847,Broxburn South
S02003848,Broxburn East
